,rid,symptom_cui,snomed_code,Terms
0,1,C0007940,5168000,Sporotrichotic chancre
1,2,C0157725,201023009,Other specified pruritic conditions (disorder)
2,3,C0234544,66264000,Todd's paresis
3,4,C0231246,36440009,Failure to gain weight (finding)
4,5,C0427086,267078001,Involuntary movement
5,6,C0473312,266595006,Leukorrhoea unspecified
6,7,C0522067,102626001,Liver pain (finding)
7,8,C1283829,361280008,Spasmodic dysmenorrhea
8,9,C0520821,34288008,Pleurothotonus
9,10,C1319540,408412005,O/E - left eye preproliferative diabetic retinopathy
10,11,C0014034,5862001,Mucous membrane eruption
11,12,C0234372,36637003,Intermittent tremor
12,13,C0424853,248521008,Lump on finger
13,14,C0476209,158156006,[D]Sleep rhythm irregular
14,15,C0567493,290079000,Generalized tenderness of breast
15,16,C0567522,290111006,Purulent nipple discharge
16,17,C0039070,272030005,Syncope symptom
17,18,C0565619,288274003,Fetal distress - in labor
18,19,C0033777,267802000,Pruritus of genital organs
19,20,C0401158,197130009,Vomiting after gastrointestinal tract surgery
20,21,C0423006,18628002,Discharge of eye
21,22,C0406411,238697009,Immune complex urticaria
22,23,C0344306,247389006,Intercostal neuralgia
23,24,C0542134,302072004,Pain in thyroid
24,25,C0221166,1845001,Paraparesis (disorder)
25,26,C0234664,89893000,Lid lag
26,27,C0406218,238527009,Persistent light reaction
27,28,C0522347,162403009,Ear pressure sensation
28,29,C1290644,109598004,Extrinsic staining of teeth associated with oral habits
29,30,C1280008,241154007,Abdominal angina
30,31,C0271234,70556002,Impairment level: low vision of both eyes
31,32,C0406400,201269001,Menstrual urticaria
32,33,C0566948,289524006,Swelling of vagina
33,34,C0575081,22325002,Abnormal gait
34,35,C0577564,300853008,Mass of lymphoreticular structure
35,36,C0581323,203509009,Clavicle pain
36,37,C0429955,165230005,Bowels: occasional accident
37,38,C0393610,230332007,Diurnal dystonia
38,39,C0401149,236069009,Chronic constipation
39,40,C0392071,74117008,Prostatorrhea
40,41,C1319588,408312009,O/E - referable retinopathy
41,42,C1571858,192943001,(Spastic hemiplegia) or (spastic foot)
42,43,C0149793,88032003,Amaurosis fugax
43,44,C0473563,238824006,Paroxysmal hematoma of the finger
44,45,C0520904,64581007,Postoperative nausea
45,46,C0751188,230479008,Post dural puncture headache
46,47,C1536289,139559008,Watering or tearing eyes (& [C/O])
47,48,C1282197,314499001,Contact lens related red eye
48,49,C0362036,206710005,[D]Coma &/or [D]stupor
49,50,C0235068,2228002,Scintillating scotoma
50,51,C0476228,206887007,"[D]Local superficial swelling, mass or lump NOS"
51,52,C0393588,230310003,Paroxysmal dystonia
52,53,C0401155,78459008,Double incontinence (finding)
53,54,C0497481,285375003,Pain in penis (finding)
54,55,C3257803,267094008,Has watering eyes
55,56,C0395959,232322006,Tinnitus of vascular origin
56,57,C0406399,201268009,Urticaria geographica
57,58,C1319539,408411003,O/E - right eye preproliferative diabetic retinopathy
58,59,C0333249,45872006,Subepidermal edema
59,60,C0577568,300857009,Mass of urinary system structure
60,61,C0037763,45352006,Spasm (finding)
61,62,C0234862,66966006,Cry of Down's syndrome
62,63,C0423717,279058003,Neurogenic pain
63,64,C0476240,274626005,Physiological development failure
64,65,C0014394,207171001,[D]Enuresis NOS
65,66,C0014394,154929003,Enuresis (& [bedwetting])
66,67,C0149751,300513000,Lesion of penis
67,68,C0233200,35187000,Cullen's sign
68,69,C0456074,276620002,Traumatic neonatal facial cyanosis
69,70,C0426601,267048005,Swallowing symptoms
70,71,C0451941,65645005,Scrotal pruritus
71,72,C1827253,423757006,Involuntary truncal rocking
72,73,C0149696,235719002,Food intolerance
73,74,C0458959,279980002,Peripheral neurogenic pain
74,75,C0575020,298242008,Subtalar joint stiff
75,76,C0026825,186611004,Flaccidity - muscle
76,77,C0575000,298220007,Metatarsophalangeal joint laxity
77,78,C0009024,36649002,Clonus
78,79,C0026827,398151007,Decreased muscle tone
79,80,C0333422,67103005,Gummatous inflammation (morphologic abnormality)
80,81,C0339693,232146005,Internal ophthalmoplegia
81,82,C0586738,309249007,Calf muscle weakness
82,83,C2712367,206982000,[D]Other speech disturbance NOS
83,84,C0476232,158248002,[D]Jaundice (not of newborn)
84,85,C1534991,196554004,(Sore lip) or (angular stomatitis &/or cheilitis)
85,86,C0271397,68354003,Pseudoophthalmoplegia (disorder)
86,87,C0576430,299676003,Excessive growth of facial hair
87,88,C0259813,61683000,Drop attack
88,89,C0030218,129583005,Paralysis of palate
89,90,C0451632,279073002,Sore nostril
90,91,C0231796,158370002,[D]Respiratory abnormalities
91,92,C0232373,11975007,Paroxysmal vascular dilatation
92,93,C0438434,129625005,Ring scotoma
93,94,C0008035,102588006,Chest wall pain (finding)
94,95,C0030214,9366002,Palatal myoclonus
95,96,C0151205,49563000,Periorbital edema
96,97,C0003126,44169009,Loss of sense of smell
97,98,C0521651,95629002,Excessive crying of newborn
98,99,C0152116,74333002,Spasmodic torticollis (disorder)
99,100,C0472514,232411006,Edema of uvula
100,101,C0575048,298270005,Thickening of tendon sheath
101,102,C0007942,42849000,Trypanosomal chancre
102,103,C0423686,61486003,Sacral back pain
103,104,C0576837,300104005,Generalized tenderness in pinna
104,105,C0270697,398987004,Headache following lumbar puncture
105,106,C0439029,272033007,Deafness symptom
106,107,C0577571,300860002,Mass of endocrine structure
107,108,C0234357,61691009,Adiadochokinesia
108,109,C0034933,46670006,Abnormal reflex
109,110,C0423721,247400008,Painful arms and moving fingers
110,111,C0558143,3644009,Macerated skin
111,112,C0751191,230481005,Idiopathic stabbing headache
112,113,C0427201,250075002,Floppy muscles
113,114,C0520586,46500003,Dryness of vulva
114,115,C0232847,18886003,Primary enuresis
115,116,C0478145,207618002,[X]Other and unspecified symbolic dysfunctions
116,117,C0559537,281639001,Perineal irritation
117,118,C2939427,17565009,Hypoesthesia of tongue
118,119,C0425791,87386002,Peau d'orange surface of breast
119,120,C0232083,90674006,Diaphragmatic tic
120,121,C0314719,162290004,Dry eyes
121,122,C0005687,54768000,Bladder distention (finding)
122,123,C0231385,14150005,Alteration in comfort: chronic pain
123,124,C0339142,267655008,Exophthalmos due to orbital edema or congestion
124,125,C0241165,17417006,Thickening of skin
125,126,C0686344,91957002,Back pain complicating pregnancy
126,127,C2919424,445039006,Mass of uterine adnexa
127,128,C0423610,162143008,Pain in female genitalia
128,129,C0521765,95792009,Nystagmus unchanged when fixation removed
129,130,C0700590,52613005,Excessive sweating
130,131,C1719454,427644005,Bilateral central hearing loss
131,132,C1562677,417633001,Alcohol induced hallucinations
132,133,C1571956,155145007,(Visual disturbances NOS) or (amblyopia) or (blurred vision)
133,134,C0560609,282743009,Malignant bone pain
134,135,C0577566,300855001,Mass of digestive structure
135,136,C0037317,53888004,Disturbance in sleep behavior
136,137,C0162298,84445001,Joint stiffness
137,138,C0016205,271832001,"Flatulence, eructation and gas pain"
138,139,C0232982,41867009,Complete spermatogenic arrest
139,140,C0277962,67299005,Auspitz's sign
140,141,C0577565,300854002,Mass of oral cavity
141,142,C0231438,10379002,Musculoskeletal hypomobility
142,143,C0947785,158149000,[D]Sleep disturbances (& [hypersomnia] or [insomnia])
143,144,C0231654,59678008,Popeye sign
144,145,C0241426,399044006,Glossopyrosis (disorder)
145,146,C0343211,239949003,Polyalgia
146,147,C0028961,83128009,Oliguria (finding)
147,148,C0028962,271845002,Oliguria and anuria
148,149,C0040485,270476009,Wry neck/torticollis
149,150,C0577655,300948004,Quadriceps weakness
150,151,C0085688,49746001,Engorgement of breasts
151,152,C0278225,89871005,Rosenbach's sign
152,153,C0238532,56446007,Scaphoid abdomen
153,154,C0343731,240598006,Penile warts
154,155,C0424489,402294001,Chapping of lips
155,156,C0018681,25064002,Headache (finding)
156,157,C0343494,64314006,Risus sardonicus
157,158,C0231785,75140002,Carpopedal spasm
158,159,C0277820,2581006,Clasp knife like increase in tone
159,160,C0278125,87934002,Crossed extensor reflex
160,161,C0007943,63808004,Tuberculous chancre
161,162,C0232130,45907000,Labile pulse
162,163,C0520559,95528002,Numbness of tongue
163,164,C0234379,25082004,Resting tremor
164,165,C0423818,247498005,Grooving of nail
165,166,C1319537,408409007,O/E - right eye background diabetic retinopathy
166,167,C0027424,68235000,Nasal congestion
167,168,C0751564,112108005,Pill rolling
168,169,C0476303,158493007,[D]Extrarenal uraemia
169,170,C0231613,330007,Occipital headache
170,171,C0155047,68114006,Unqualified visual loss of both eyes
171,172,C0399590,235130007,Drug-induced xerostomia
172,173,C0423720,247399001,Pseudothalamic pain
173,174,C0348588,195541002,[X]Other forms of angina pectoris
174,175,C0235980,95798008,Scleral discoloration
175,176,C0578046,301356002,Maxillary sinus pain
176,177,C0009806,14760008,Constipation (disorder)
177,178,C0233179,106111002,Clinical sign related to pregnancy
178,179,C0403569,236555000,Pain during outflow of dialysate
179,180,C0221261,66270006,Koilonychia
180,181,C0426785,202767003,Intermittent torticollis
181,182,C0476232,158251009,[D]Jaundice (not of newborn) NOS
182,183,C0577562,300851005,Mass of respiratory structure
183,184,C0156324,198568003,[X]Other signs and symptoms in breast
184,185,C0423708,247386004,Obturator neuralgia
185,186,C0030201,213299007,Postoperative pain
186,187,C0231529,21545007,Tenalgia
187,188,C0399411,196318002,Teeth staining due to drugs
188,189,C0231623,35496009,Femoral neuralgia
189,190,C0240715,300569009,Perineal lump (finding)
190,191,C0269671,77376005,Gestational edema without hypertension
191,192,C0393916,279053007,Sympathetically maintained pain
192,193,C1290771,109773002,Edema of oral vestibule
193,194,C0036396,23056005,Sciatica (disorder)
194,195,C0232597,23971007,Acute vomiting
195,196,C0271404,50801008,Vitreous cavitation
196,197,C0581326,206845005,[D]Clicking thumb (context-dependent category)
197,198,C0159055,158409004,"[D]Swelling, mass or lump of chest NOS"
198,199,C0426583,269813009,Appetite loss - anorexia
199,200,C0521588,95521008,Abnormal jaw movement
200,201,C0686766,102596001,Unpleasant odor of genitalia
201,202,C1319542,408414006,O/E - left eye proliferative diabetic retinopathy
202,203,C1319589,408313004,O/E - non-referable retinopathy
203,204,C0221154,23130000,Paroxysmal hypertension
204,205,C0410577,267986004,Other back symptoms (disorder)
205,206,C0422943,162274004,Visual symptoms
206,207,C0577563,300852003,Mass of cardiovascular structure
207,208,C0233509,59445005,Mood hypersomnia
208,209,C0235777,95617006,Neonatal cyanosis
209,210,C0278134,33653009,Absence of sensation (finding)
210,211,C0339250,231912007,Melanin pigmentation of cornea
211,212,C0423386,27838008,Retinal arteries silverwire
212,213,C0426649,249531009,Bowel spasm
213,214,C0232959,162494006,Symptom occurs premenstrually
214,215,C0917801,193462001,Insomnia (disorder)
215,216,C0232520,88275004,Absent deglutition (finding)
216,217,C0234706,87537003,Chromatic aberration of vision
217,218,C0277943,71718006,Puffiness of skin
218,219,C0042755,15160007,Virilization (finding)
219,220,C0476293,158492002,[D]Urinary system symptoms NOS
220,221,C0038187,212968006,Starvation (disorder)
221,222,C0039070,309585006,Syncope and collapse
222,223,C0239779,39960009,Grimaces
223,224,C0333243,284521000,Pitting edema
224,225,C0349683,278466007,Body positional nystagmus
225,226,C0497456,289885003,Menstruation absent
226,227,C1287517,365977007,Pattern of fever - finding
227,228,C0677061,267981009,Pain in thoracic spine
228,229,C1562724,417021005,Sclerotomal pain
229,230,C0494475,54200006,Tonic-clonic seizure
230,231,C0521671,95667004,Unilateral facial paresis
231,232,C1304408,402656007,Urticarial vasculitis (disorder)
232,233,C0473136,236080009,Neuromyopathic fecal incontinence
233,234,C0231753,1126007,Knee locking
234,235,C0233763,64269007,Visual hallucinations
235,236,C0522347,103280006,Sensation of pressure in ear
236,237,C1280008,240342007,Intestinal angina
237,238,C0231530,60238002,Muscle twitch (finding)
238,239,C0406407,238691005,Cholinergic pruritus
239,240,C0424071,247733004,Unformed visual hallucinations
240,241,C0027066,127324008,Myoclonic disorder
241,242,C0042963,300359004,Finding of vomiting
242,243,C0521663,95651005,Chronic progressive paraparesis
243,244,C0013404,230145002,Difficulty breathing
244,245,C0005409,111005008,Schistosomal pigment deposition
245,246,C0375546,158339005,"[D]Heart murmur, undiagnosed"
246,247,C0521788,95823003,Leudet's tinnitus
247,248,C0427202,19532005,Muscle tone atonic
248,249,C0155002,15203004,Sudden visual loss
249,250,C0577560,300849006,Mass of eye structure
250,251,C0917799,77692006,Hypersomnia (disorder)
251,252,C0577561,300850006,Mass of ear structure
252,253,C0392674,60119000,Exhaustion
253,254,C0521591,95524000,Oral paresthesia
254,255,C0567494,290080002,Localized tenderness of breast
255,256,C0349681,278465006,Spontaneous nystagmus
256,257,C0521763,95789005,Nystagmus produced by neck rotation
257,258,C0423630,162388002,Has a sore throat
258,259,C0221776,102616008,Painful mouth
259,260,C0231440,67759008,Musculoskeletal immobility
260,261,C0277941,4470009,Blanching of skin (finding)
261,262,C0521635,95597000,Leukoplakia of female genital organs
262,263,C0267633,29874009,Appendiceal colic
263,264,C0476228,158235001,"[D]Local superficial swelling, mass or lump"
264,265,C0264272,14310000,Purulent nasal discharge
265,266,C0406401,201270000,Urticaria persistans
266,267,C0233769,421801003,Micropsia (disorder)
267,268,C0341961,237286004,Vulval varices in pregnancy
268,269,C0458087,279001004,Pain finding at anatomical site
269,270,C3257803,420103007,Watery eye
270,271,C0019209,80515008,Large liver
271,272,C0566909,289479001,Inflammation of vulva
272,273,C0264599,23187009,Aphonia paralytica
273,274,C0221226,111294009,Distended umbilical veins
274,275,C0263534,44087005,Beau's lines
275,276,C0848332,285305004,Spots on skin (disorder)
276,277,C0423813,247493001,Splits in nails
277,278,C0014394,274255006,[D]Enuresis
278,279,C0014394,158470001,Enuresis [D]
279,280,C0395923,232289002,Multisensory dizziness
280,281,C0458242,279070004,Muscle tension pain
281,282,C0262977,23267004,Achromia of skin (disorder)
282,283,C0474344,246925003,Vascularization of cornea
283,284,C3266172,449909007,Flaccidity of muscle of lower limb
284,285,C0085620,39157001,Flaccid paralysis
285,286,C0155047,193730000,"Visual loss, both eyes unqualified"
286,287,C0235267,75705005,Red eye
287,288,C0574921,298138003,Micropapular weal
288,289,C0555957,275887009,Scaly scalp
289,290,C0401020,235993005,Intra-abdominal collection
290,291,C1996961,428171009,Pain at rest due to peripheral vascular disease
291,292,C0423709,247387008,Cruralgia
292,293,C0018991,50582007,Hemiplegia (disorder)
293,294,C0473129,197132001,Diarrhea after gastrointestinal tract surgery
294,295,C1578453,202539005,(Other joint symptoms of the pelvic region and thigh) or (hip snapping) or (irritable hip)
295,296,C0152031,271771009,Joint swelling
296,297,C0152228,22181003,Diplacusis
297,298,C0577595,300887003,Swelling of musculoskeletal structure
298,299,C1319587,408311002,O/E - retinopathy
299,300,C0032781,75803007,Posterior rhinorrhea (disorder)
300,301,C0423649,162040008,Abdominal migraine - symptom
301,302,C0522071,102631004,Pancreatic pain
302,303,C0577572,300861003,Mass of musculoskeletal structure
303,304,C0042571,399090003,Subjective vertigo
304,305,C0232503,275359008,Umbilical hemorrhage
305,306,C0232598,63722008,Chronic vomiting
306,307,C0473131,236075000,Diarrhea due to ingestion of unabsorbable substances
307,308,C0521632,371584001,Irritation of penis
308,309,C0745966,449707004,Edema of lower leg
309,310,C1534486,198369007,(Leukorrhea unspecified) or (vaginal discharge NOS)
310,311,C0263531,82144009,Lamellar nail splitting
311,312,C0521629,95591004,Leukoplakia of male genital organs
312,313,C0577294,300570005,Perianal lump
313,314,C0221151,8579004,Projectile vomiting (disorder)
314,315,C0264609,25947003,Dysphonia of organic tremor
315,316,C0578675,302004004,Thyrotoxic tremor
316,317,C0234369,267079009,Trembles
317,318,C0234378,56610005,Static tremor
318,319,C0240007,281398003,Groin mass
319,320,C0542354,370116005,Narrowing of palpebral fissure
320,321,C0575090,298313002,Problem with balance
321,322,C0869256,413343005,Mixed incontinence
322,323,C0221232,247472004,Weal
323,324,C0403568,236554001,Pain during inflow of dialysate
324,325,C0587050,309527000,Mass of lower limb
325,326,C0399459,279083003,Discomfort in mouth
326,327,C0458171,279052002,Sympathetically independent pain
327,328,C0000727,9209005,Acute abdomen
328,329,C0278107,50818007,Painful ejaculation (finding)
329,330,C0458090,279004007,Ureteric neuromuscular incoordination
330,331,C0578052,301362007,Pain of digestive structure
331,332,C1319538,408410002,O/E - left eye background diabetic retinopathy
332,333,C0274369,79608006,"Pain due to any device, implant AND/OR graft"
333,334,C0456122,276697006,Harlequin change
334,335,C0034886,77880009,Rectal pain (finding)
335,336,C0314719,1249004,Dry eye
336,337,C0409557,277138006,Rubella arthralgia
337,338,C0424072,247734005,Formed visual hallucinations
338,339,C0152029,82297005,Congestion of nasal sinus
339,340,C1535347,198027001,(Priapism) or (erection - painful)
340,341,C1260880,397746007,Snuffles
341,342,C0042963,249497008,Vomiting symptom
342,343,C0271190,50446000,Monocular diplopia
343,344,C1290643,109597009,Extrinsic staining of teeth associated with inadequate oral hygiene
344,345,C0027497,422587007,Nausea (finding)
345,346,C0241709,289496000,Burning sensation of vulva
346,347,C0424275,247951006,Reaction to sudden wakening
347,348,C1384488,408690005,Restrained respiration
348,349,C0349684,278467003,Neck positional nystagmus
349,350,C0033774,279333002,Pruritus of skin
350,351,C0231835,271823003,Tachypnea (finding)
351,352,C0427055,95666008,Weakness of face muscles
352,353,C0004604,22913005,Dorsalgia
353,354,C0264345,46802002,Smokers' cough
354,355,C0522034,102557007,Arm claudication
355,356,C2919320,445407005,Chronic tremor
356,357,C0152165,332982000,Uncontrollable vomiting
357,358,C0271412,26322001,Bleeding from ear
358,359,C1279511,206445003,Malarial pigment deposition
359,360,C0030232,398979000,Pale complexion
360,361,C0150044,129853007,Total urinary incontinence (finding)
361,362,C0003078,16059006,Aniseikonia (disorder)
362,363,C1321324,404676002,Bruns nystagmus
363,364,C0004134,20262006,Ataxia (finding)
364,365,C0577573,300862005,Mass of body region
365,366,C0241457,109594002,Tooth sensitivity to cold
366,367,C0522364,103297000,Drug-induced vertigo
367,368,C0563608,285744009,Formed hallucinations of people
368,369,C0565618,288273009,Fetal distress - prelabor
369,370,C1319544,408416008,O/E - left eye diabetic maculopathy
370,371,C0575012,298234007,Cervical spine stiff
371,372,C0175848,3200003,Sacrocoxalgia
372,373,C0332573,112629002,Macule (morphologic abnormality)
373,374,C0521762,95788002,"Positional nystagmus, variable eye direction"
374,375,C0578674,302003005,Premenstrual breast tenderness
375,376,C0577569,300858004,Mass of male genital structure
376,377,C0333252,59909002,Hard edema
377,378,C0589525,207114004,[D]Drug-induced vomiting
378,379,C0232983,52749004,Incomplete spermatogenic arrest
379,380,C0585977,308187004,Vaginal varices in the puerperium
380,381,C0221727,102619001,Pain in esophagus
381,382,C0235031,267070008,Nervous system symptoms
382,383,C0235031,308921004,Neurological symptom
383,384,C0281856,82991003,Generalized aches and pains (finding)
384,385,C1720231,420801006,Malaise associated with AIDS
385,386,C0011991,267060006,Diarrhea symptom
386,387,C0020639,8900005,Hypoproteinemia (disorder)
387,388,C0025287,70784009,Meningeal irritation
388,389,C0345246,67015007,Abnormal large bowel motility
389,390,C0405495,237477007,Pain from breast implant
390,391,C1960183,426628005,Chronic vaginal pain
391,392,C0013395,162031009,Indigestion (finding)
392,393,C0221150,30233002,Swallowing painful
393,394,C0232968,68811000,Menopausal problem
394,395,C0423178,246871006,Bitot's spots
395,396,C0008031,29857009,Chest pain
396,397,C0234428,3006004,Disturbance of consciousness
397,398,C0039591,63901009,Pain in testicle (finding)
398,399,C0241656,300507009,Vas deferens tender
399,400,C0027498,16932000,Nausea and vomiting (disorder)
400,401,C0231514,34714000,Local spasm
401,402,C0302310,277793006,Familial annular erythema
402,403,C0000737,21522001,Abdominal pain
403,404,C0585958,308135003,Genital varices in the puerperium
404,405,C0684219,27678003,Myokymia (finding)
405,406,C0456800,277490005,Secondary endolymphatic hydrops
406,407,C0751295,162199006,Loss of memory
407,408,C0520905,72245005,Postoperative vomiting
408,409,C0700200,427461000,Near syncope
409,410,C1260922,386813002,Abnormal breathing
410,411,C0030193,22253000,Pain (finding)
411,412,C0042256,34363003,Pruritus of vagina
412,413,C0155347,58244001,Anomaly of divergence
413,414,C0232536,5805002,Bolus impaction
414,415,C0521668,95660002,Thunderclap headache
415,416,C0581326,206845005,[D]Clicking thumb (situation)
416,417,C0701795,267596000,Reaction to spinal or lumbar puncture (disorder)
417,418,C0312416,51885006,Morning sickness
418,419,C1534486,198369007,(Leukorrhoea unspecified) or (vaginal discharge NOS)
419,420,C0006625,238108007,Cachexia (finding)
420,421,C0029537,207583009,[X]Other chest pain
421,422,C0406405,238689002,Delayed cold sensitivity
422,423,C0423710,247388003,Segmental peripheral neuralgia
423,424,C0339257,231918006,Chalcosis of cornea
424,425,C0454542,229631007,Acquired stammering
425,426,C0478148,207621000,[X]Other chronic pain
426,427,C0574992,298212005,Finger joint laxity
427,428,C0686765,102595002,Unpleasant odor of axilla
428,429,C0002962,194828000,Angina
429,430,C0027796,247398009,Neuropathic pain
430,431,C0576137,299375006,Infrapatellar tenderness
431,432,C1319541,408413000,O/E - right eye proliferative diabetic retinopathy
432,433,C1540979,156651006,(Backache NOS) or (back pain [& low])
433,434,C1828409,423623006,Mucopurulent conjunctival discharge
434,435,C0151825,12584003,Bone pain (finding)
435,436,C0333240,40829002,Acute edema
436,437,C0426487,162009001,Mouth symptoms
437,438,C0520588,37488003,Vulvovaginal pain
438,439,C0576705,299952008,Pseudoathetosis
439,440,C1282194,314496008,Contact lens related disorder
440,441,C0339251,231913002,Blood pigmentation of cornea
441,442,C1301340,397320006,Disorder of umbilicus
442,443,C0339780,232286009,Syncopal vertigo
443,444,C0423683,267067009,Lumbar ache - renal
444,445,C0232209,81681009,Junctional premature beats
445,446,C0233389,9295009,Subinvolution of breast
446,447,C0178422,102551008,Cramp in foot
447,448,C1260880,64531003,Nasal discharge
448,449,C0520589,58635009,Vulvovaginal dryness
449,450,C0151791,2919008,"Nausea, vomiting and diarrhea"
450,451,C0426579,249468005,Anorexia symptom (finding)
451,452,C0423823,63829008,Thin nails
452,453,C0277938,9368001,Circumoral rhytides
453,454,C0344240,246759006,Irregular nystagmus
454,455,C0581358,196754001,Gastric spasm
455,456,C0040822,26079004,Tremor (finding)
456,457,C0232719,45325001,Hyperactive rectosigmoid junction
457,458,C0333255,17201003,Spillage of feces
458,459,C0401157,236083006,Intermittent vomiting
459,460,C0406408,238693008,Reflex urticaria
460,461,C0560024,193967004,Swelling of eyelid (finding)
461,462,C0423707,247385000,Lateral femoral cutaneous neuralgia
462,463,C0574925,298143005,Transverse split nail
463,464,C0574987,298207009,Shoulder joint laxity
464,465,C0155066,73000008,Unqualified visual loss of one eye
465,466,C0155536,20364005,Paracusis (disorder)
466,467,C0233390,198125007,"Breast subinvolution, postpartum"
467,468,C0264601,5208008,Flaccid dysphonia
468,469,C0577567,300856000,Mass of urogenital structure
469,470,C1288081,366563009,Inflammatory testicular mass
470,471,C0034880,194399009,Loudness recruitment
471,472,C0151908,16386004,Dry skin (finding)
472,473,C0033776,239102001,Pruritus of pregnancy
473,474,C0149741,54302000,Discharge from nipple
474,475,C0341866,198437004,Menopausal sleeplessness
475,476,C0406403,238686009,Delayed dermographism
476,477,C0578055,301365009,Pain of head and neck region
477,478,C0333228,107666005,Fluid disturbance
478,479,C0086437,298181000,Range of joint movement increased
479,480,C0393903,230654000,Painful legs and moving toes
480,481,C0344239,246758003,Mixed nystagmus
481,482,C0029625,206800006,[D]Other general symptoms NOS
482,483,C0029625,158177009,[D]Other general symptoms
483,484,C0231528,68962001,Muscle pain
484,485,C1542154,139289002,(Swallowing symptoms) or (dysphagia)
485,486,C0585542,307674009,Benign paroxysmal positional vertigo nystagmus
486,487,C0155382,194176002,Smooth pursuit movement deficiency
487,488,C0232979,31211008,Spermatemphraxis
488,489,C0011991,398032003,Loose stool
489,490,C1578670,155196009,(Esophoria) or (strabismus NOS) or (ophthalmoplegia NOS)
490,491,C0393775,230497000,Sleep-related head banging
491,492,C0278053,62917007,Abnormal vaginal odor
492,493,C0586392,308909003,Parkinsonian tremor
493,494,C0751460,192964002,Flaccid tetraplegia
494,495,C1321325,404677006,Elliptical nystagmus
495,496,C1536397,155782005,(Functional constipation) or (impacted faeces)
496,497,C0003580,301821009,Drug-induced apnea
497,498,C0232199,46220003,Tic-tac rhythm
498,499,C0476267,207023003,[D]Widespread diabetic foot gangrene
499,500,C0025587,10085004,Metatarsalgia (finding)
500,501,C0026827,398152000,Poor muscle tone
501,502,C0344246,246764005,Postural nystagmus
502,503,C0476206,271789005,Dizziness and giddiness
503,504,C0521532,95438009,Diaphragmatic paresis
504,505,C0020450,14094001,Hyperemesis gravidarum
505,506,C0574922,298139006,Bullous weal
506,507,C0236075,21801002,Menopausal symptom
507,508,C0410919,240299002,Fetal bradycardia
508,509,C0406406,238690006,Persisting cholinergic urticaria
509,510,C0020440,29596007,Hypercapnia (disorder)
510,511,C0235477,195103000,Bigeminal pulse (finding)
511,512,C0521160,36639000,Psoriasiform rash
512,513,C0037771,312444006,Spastic paraparesis
513,514,C0478662,274660003,Slowness and poor responsiveness
514,515,C0024031,279039007,Low back pain
515,516,C0240273,300942003,Tender lymph node
516,517,C0423715,247396008,Testicular neuralgia
517,518,C0521815,95861000,Vertigo preceded by head injury
518,519,C0578994,302188001,Bad taste in mouth
519,520,C0038605,10165000,Subungual hyperkeratosis
520,521,C0242429,162397003,Pain in throat
521,522,C0015644,82470000,Muscle fasciculation
522,523,C0232959,10885003,Premenstrual symptom
523,524,C0234362,54685005,Synkinesis (finding)
524,525,C0234363,76628006,Post-hemiplegic chorea
525,526,C0264274,64611009,Catarrhal nasal discharge
526,527,C0340979,190814002,Cryoglobulinemic purpura
527,528,C0151828,95388000,Injection site pain
528,529,C1563338,195764003,(Chronic rhinitis) or (catarrh unspecified)
529,530,C0013196,110990003,Drug pigmentation
530,531,C0343239,240080003,Benign congenital hypotonia (disorder)
531,532,C1446312,413223001,Erythematous mucosa
532,533,C2585575,439469002,Recurrent abdominal pain
533,534,C0026838,221360009,Spasticity
534,535,C0585566,307698002,Nystagmus signs
535,536,C0240812,36729000,Prostatic pain (finding)
536,537,C0013911,371597004,Emaciated
537,538,C0263540,22743000,Onychomadesis
538,539,C0578047,301357006,Frontal sinus pain
539,540,C0581909,161818003,Vulval irritation
540,541,C0270274,48000002,Vomiting in newborn
541,542,C0271234,193722001,"Low vision, both eyes"
542,543,C0701824,78691002,Staggering gait (finding)
543,544,C0231668,111959008,Drummers' palsy
544,545,C0232119,29036000,Pulsus trigeminus (finding)
545,546,C1579838,162011005,Sore mouth (finding)
546,547,C0009193,34789001,Pain in the coccyx
547,548,C0231612,76807004,Cervicobrachialgia
548,549,C0424535,248229009,Vasovagal symptom
549,550,C0558450,274247004,"[D]Weight, failure to gain, infant"
550,551,C0558450,158279003,"Weight,fail to gain,infant [D]"
551,552,C0038450,70407001,Stridor (finding)
552,553,C0406548,134193000,Stellate pseudoscar
553,554,C0266952,34570004,Loosening of tooth (disorder)
554,555,C0339205,231887005,Total scleral ectasia
555,556,C0458960,279981003,Peripheral neuropathic pain
556,557,C0268988,69069001,Pruritus of penis
557,558,C0424284,247962006,Sleep automatism
558,559,C0233138,23508005,"Uterine incoordination, first degree"
559,560,C0267028,36269003,Cheilodynia (disorder)
560,561,C0036572,91175000,Seizure
561,562,C0233193,43673002,Fetal souffle
562,563,C0476212,442176004,Sleep dysfunction with arousal disturbance
563,564,C1565887,276549000,Newborn physiological jaundice (disorder)
564,565,C0155344,4275001,Spasm of conjugate gaze
565,566,C0007758,85102008,Cerebellar ataxia
566,567,C0231532,37864005,Subsultus tendinum
567,568,C0235242,31457007,Effort syncope
568,569,C0242706,238158000,Hyperoxia (disorder)
569,570,C0152030,367466007,Skin irritation
570,571,C0423714,247395007,Genitofemoral nerve neuralgia
571,572,C0344244,246762009,Gaze paretic nystagmus
572,573,C1268591,129626006,Quadrantic scotoma
573,574,C0362036,206717008,[D]Coma and stupor NOS
574,575,C0406404,238688005,Cold reflex urticaria
575,576,C1540714,202827007,(Other back symptoms) or (facet joint syndrome)
576,577,C0263538,4373005,Clubbing of nail (disorder)
577,578,C0587243,309768006,Pain due to shoulder joint prosthesis
578,579,C0234757,51568001,Brain stem vertigo
579,580,C0458221,279060001,Unilateral shortlasting neuralgiform pain with conjunctival injection and tearing syndrome
580,581,C0234373,42800007,Fine tremor
581,582,C0264272,8442000,Purulent rhinitis
582,583,C0575045,298267006,Tendon sheath effusion
583,584,C0017672,30731004,Glossodynia (disorder)
584,585,C0587047,309524007,Mass of trunk
585,586,C0344374,162106006,Spurious diarrhea - overflow
586,587,C0391860,103626005,Diffuse inflammation
587,588,C0520966,302289002,Coordination problem
588,589,C0521766,95793004,Nystagmus inhibited when fixation removed
589,590,C0578051,301361000,Pain of oral cavity structure
590,591,C0476211,441877007,Sleep dysfunction with sleep stage disturbance
591,592,C0577570,300859007,Mass of female genital structure
592,593,C0578086,301396000,Tenderness of male genitalia
593,594,C0037088,404684003,Clinical finding
594,595,C0406402,238684007,Erythema fugax
595,596,C0410921,206561003,Other newborn abnormal cerebral signs
596,597,C0264588,29003001,Spastic dysphonia
597,598,C0522348,103281005,Sensation of blocked ears
598,599,C0239340,102572006,Edema of lower extremity
599,600,C0232955,33350003,Menouria
600,601,C0270261,78913002,Edema of newborn
601,602,C0558161,200430001,Breastfeeding painful
602,603,C0232491,111985007,Chronic abdominal pain
603,604,C0270777,65605001,Edema of spinal cord
604,605,C0158157,156579009,Joint effusion of other specified site
605,606,C0241902,62085005,Grunting respiration (finding)
606,607,C0392513,48026007,Inanition (disorder)
607,608,C0560253,282360001,Persistent testicular pain
608,609,C1956415,55442000,Paroxysmal nocturnal dyspnea (finding)
609,610,C0234131,52559000,Motor dysfunction
610,611,C0234375,27369003,Massive tremor
611,612,C0238637,68653001,Anal pain (finding)
612,613,C0263634,31825002,Abnormal granulation tissue
613,614,C1541982,206325007,Snuffles (& neonatal snuffles)
614,615,C0026826,56731001,Increased muscle tone
615,616,C1828308,422928006,Mucus conjunctival discharge
616,617,C2712367,206978002,[D]Other speech disturbance
617,618,C0041834,444827008,Erythema of skin
618,619,C0234660,55758001,Eyes tire easily
619,620,C0686768,360493007,Abnormal complexion
620,621,C0232593,77293007,Hypertensive spasm of cardiac sphincter
621,622,C0547030,131182003,Visual alteration
622,623,C0751495,29753000,Partial seizure
623,624,C0003862,57676002,Joint pain
624,625,C0263355,65036008,Erythema scarlatiniforme
625,626,C0278118,89437009,Cerebral paraparesis
626,627,C0341865,198438009,Menopausal headache
627,628,C0393757,192005001,Other sleep stage or arousal dysfunction
628,629,C0156308,198035003,Edema of penis
629,630,C0234861,42712003,Cri du chat
630,631,C0423075,246751009,Incomitant esophoria (disorder)
631,632,C1997818,427897002,Rhinitis due to alpha-adrenergic blocking agent
632,633,C0574989,298209007,Wrist joint laxity
633,634,C0159055,158405005,"[D]Swelling, mass and lump of chest"
634,635,C0729341,225569001,Painful blind eye
635,636,C2315430,430690005,Orthostatic tremor
636,637,C0003564,44564008,Loss of voice
637,638,C0406146,238425003,Meningococcal rash
638,639,C0423713,247393000,Ilioinguinal nerve neuralgia
639,640,C0426317,267062003,Genitourinary symptoms
640,641,C0473137,236081008,Congenital fecal incontinence
641,642,C0242429,267102003,Sore throat symptom
642,643,C0427086,162227008,Involuntary movement symptom
643,644,C0033778,67882000,Pruritus of vulva
644,645,C0240920,47381006,Saber shin
645,646,C0575047,298269009,Nodule on tendon
646,647,C0002962,225566008,Ischemic chest pain
647,648,C0159034,442413005,Transient monoplegia
648,649,C0405326,237357004,Vascular engorgement of breast
649,650,C0476293,158456001,[D]Urinary system symptoms
650,651,C0559753,281862002,Daytime enuresis
651,652,C0155001,78455002,Subjective visual disturbance
652,653,C0277799,77957000,Intermittent fever
653,654,C0278147,11679003,Radicular pain
654,655,C0476273,271825005,Respiratory distress (finding)
655,656,C0521592,95525004,Oral hypoesthesia
656,657,C0686729,102481003,Generalized chronic body pains
657,658,C0234038,23285006,Painful sexual act of male
658,659,C0458232,202487003,Sacroiliac joint pain
659,660,C1313952,271824009,Respiration intermittent
660,661,C0020530,79280005,Hypersomnia with sleep apnea
661,662,C0264602,62904009,Spastic pseudobulbar dysphonia
662,663,C0494475,65155005,Grand mal seizure
663,664,C0456073,276619008,Neonatal facial petechiae
664,665,C0575058,298281008,Upper facial weakness
665,666,C0426390,249297006,Spasm of bladder
666,667,C0521764,95791002,Nystagmus enhanced when fixation removed
667,668,C0033775,90446007,Pruritus ani
668,669,C0426471,249369003,Sinus catarrh
669,670,C0574993,298213000,Thumb joint laxity
670,671,C0010520,119419001,Cyanosis of skin
671,672,C0151818,8652009,Opisthotonus (finding)
672,673,C0521628,95590003,Pruritus of male genital organs
673,674,C1260880,267101005,Nasal discharge present
674,675,C3266173,449910002,Flaccidity of muscle of upper limb
675,676,C0155004,69456008,Visual distortions of shape AND/OR size
676,677,C0221169,66637005,Hemiballism (disorder)
677,678,C0234705,46183008,Spherical aberration of vision
678,679,C0235808,430968008,Pain in male perineum
679,680,C1262535,66789005,Hepatocellular jaundice
680,681,C0232960,14272003,Premenstrual swelling
681,682,C0574999,298219001,Subtalar joint laxity
682,683,C0406569,238851009,"Extensive congenital erosions, vesicles and reticulate scarring"
683,684,C0033774,418363000,Itching of skin
684,685,C0033774,424492005,Itch of skin
685,686,C0234542,57935008,Epileptic aura
686,687,C0032617,56574000,Polyuric state
687,688,C0522070,102630003,Pancreatic symptom
688,689,C0241462,109593008,Tooth sensitivity to heat
689,690,C0030554,91019004,Paresthesia (finding)
690,691,C0233390,31834007,Postpartum subinvolution of breast
691,692,C0521800,95837007,Central cyanosis (disorder)
692,693,C0232476,22114000,Absent peristalsis
693,694,C0235568,41851003,Bronchorrhea
694,695,C0267633,196791007,Appendicular colic
695,696,C0451633,279072007,Sore lip (finding)
696,697,C0029844,193696000,Other specified visual disturbance NOS
697,698,C0029844,193694002,Other specified visual disturbance
698,699,C0339667,232124002,Voluntary nystagmus
699,700,C0012766,80910005,Skin sensation disturbance
700,701,C0155227,71654004,Dacryops
701,702,C0577591,300881002,Swelling of urological structure
702,703,C0004158,58593005,Athetoid movement
703,704,C0149741,162164007,Nipple discharge symptom
704,705,C0425665,248711003,Prominent leg veins - symptom
705,706,C0438432,193672005,Angioscotoma
706,707,C0426633,139295001,Indigestion symptoms
707,708,C0086437,298203008,Joint laxity
708,709,C1536352,157740007,(Bathing cramps - immersion) or (immersion)
709,710,C0020453,14151009,Hyperesthesia (finding)
710,711,C0452143,192966000,Flaccid paraplegia
711,712,C0156317,198068005,Edema of male genital organs
712,713,C0392678,399122003,Swallowing problem
713,714,C0405584,190753003,Sucrose intolerance
714,715,C0239739,11114002,Sore gums
715,716,C0242453,11441004,Prostatism (disorder)
716,717,C0476481,274665008,Chronic intractable pain
717,718,C0751409,249944006,Monoparesis - arm
718,719,C0155382,34406007,Deficiency of smooth pursuit movements
719,720,C0575064,22166009,Skeletal muscle tender (finding)
720,721,C0232488,73063007,Colicky pain
721,722,C0577585,300874009,Swelling of ear structure
722,723,C0085641,48055004,Pustular rash (morphologic abnormality)
723,724,C0158369,80068009,Swelling of limb (finding)
724,725,C0521516,95415006,Polymyalgia
725,726,C0578054,301363002,Pain of endocrine structure
726,727,C1536397,155782005,(Functional constipation) or (impacted feces)
727,728,C0026825,397488002,Flaccidity
728,729,C0085383,61031008,Hypocapnia (disorder)
729,730,C0026821,55300003,Cramp (finding)
730,731,C0026826,41581000,Muscular hypertonicity
731,732,C0234979,23133003,Dysdiadochokinesis
732,733,C0271050,28391008,Localized retinal edema
733,734,C0473234,197939009,Painful hematuria
734,735,C0271186,75364009,Refractive diplopia
735,736,C0751295,162199006,Memory loss symptom
736,737,C0029089,16110005,Ophthalmoplegia (disorder)
737,738,C0231796,158381004,[D]Respiratory abnormalities NOS
738,739,C0241439,95527007,Paresthesia of tongue
739,740,C0585627,206772005,[D] Post polio exhaustion
740,741,C0236065,9067002,Edema of oral soft tissues
741,742,C0234943,95373005,Application site anesthesia
742,743,C0311222,387638003,Painful swelling of joint
743,744,C0474500,439158007,Fecal fluid leakage
744,745,C0558920,309576006,Lump on thigh
745,746,C0575018,298240000,Sacroiliac joint stiff
746,747,C0578994,349084003,Unpleasant taste in mouth
747,748,C0473312,266595006,Leukorrhea unspecified
748,749,C1719857,421230000,Hepatomegaly associated with AIDS
749,750,C0575090,387603000,Impairment of balance
750,751,C0149651,367004,Clubbing (morphologic abnormality)
751,752,C0234374,78261002,Coarse tremor
752,753,C0405064,237284001,Symptomatic disorders in pregnancy
753,754,C0399591,196519006,Sublingual sialectasia
754,755,C0426769,249652007,Anal twitching
755,756,C0575010,298231004,Temporomandibular joint stiff
756,757,C0019214,36760000,Hepatosplenomegaly
757,758,C0404561,198439001,Menopausal concentration lack
758,759,C0406671,238969001,Burning scrotum
759,760,C0520822,83029003,Wrist clonus
760,761,C0578750,302073009,Tenderness of thyroid
761,762,C0010200,272039006,C/O - cough
762,763,C0087169,88069000,Withdrawal sign or symptom
763,764,C0478145,206983005,[D]Other symbolic dysfunction
764,765,C0234248,42561004,Reminiscent neuralgia
765,766,C0040460,27355003,Toothache (finding)
766,767,C0574998,298218009,Foot joint laxity
767,768,C0235778,95630007,Neonatal dyskinesia
768,769,C0344242,246761002,Uniocular nystagmus
769,770,C0578082,301392003,Tenderness of oral cavity structure
770,771,C0150045,87557004,Urge incontinence of urine
771,772,C0522350,103283008,Vertigo associated with seizures
772,773,C0585540,307672008,Oculopalatal myoclonus
773,774,C0005747,59026006,Blepharospasm (disorder)
774,775,C0263571,111208003,Melasma gravidarum
775,776,C0423746,279056004,Pain on penetration
776,777,C0576431,299677007,Excessive growth of body hair
777,778,C0013421,250068003,Dystonia (finding)
778,779,C0423812,247492006,Nail shedding
779,780,C0277952,43433004,Change in nail appearance
780,781,C0393766,230491004,Postviral excessive daytime sleepiness
781,782,C0042818,7751009,Visual discomfort
782,783,C0236078,20502007,Pain in scrotum (finding)
783,784,C0271052,54388004,Peripheral retinal edema
784,785,C0406219,238528004,Actinic reaction
785,786,C0577560,45177002,Swelling of structure of eye
786,787,C0234370,45233003,Persistent tremor
787,788,C0563234,285339000,Painful tooth socket
788,789,C0406881,239215004,Pain from tissue expander
789,790,C0404484,237067000,Chronic pelvic pain of female
790,791,C0406216,238526000,Juvenile spring eruption
791,792,C0456495,277172003,Erythematous ear canal
792,793,C0278119,23042008,Spinal paraparesis
793,794,C0155066,193754005,"Visual loss, one eye, unqualified"
794,795,C0362036,158119002,[D]Coma and stupor
795,796,C0159040,274672009,Changes in skin texture
796,797,C0278021,11033009,Courvoisier's sign
797,798,C0232857,43227005,Psychic dysuria
798,799,C0232978,69848004,Spermatoschesis
799,800,C0576433,299679005,Excessive growth of leg hair
800,801,C0023222,10601006,Pain in lower limb (finding)
801,802,C0424489,248182008,Cracked lips
802,803,C0426633,139303002,Indigestion symptom NOS
803,804,C0270795,79520009,Monoparesis (disorder)
804,805,C0016382,271811009,Face goes red
805,806,C0339249,267637004,Corneal pigmentations and deposits
806,807,C0574994,298214006,Sacroiliac joint laxity
807,808,C0454605,229693007,Oral choreiform movement
808,809,C0277986,70346000,Gingival edema
809,810,C0423735,6744007,Painful bladder spasm
810,811,C1277673,315592004,Splitting toenail
811,812,C1442877,279074008,Sore skin (finding)
812,813,C0240941,275921007,Scalp itchy
813,814,C0278230,399858007,Retina finding
814,815,C0476303,158493007,[D]Extrarenal uremia
815,816,C0522337,103265000,Postbasic stare
816,817,C0587242,309767001,Pain due to knee joint prosthesis
817,818,C0424359,248054003,Self-neglect
818,819,C0578081,301391005,Tenderness of lymphoreticular structure
819,820,C0155204,193948003,Lid retraction &/or lag
820,821,C0233973,8034008,Painful penile erection
821,822,C0234377,41846009,Passive tremor
822,823,C0019079,6686005,Blood streaked sputum
823,824,C0240608,63757006,Osler's node
824,825,C0476217,271799000,Head movements abnormal
825,826,C0018933,90053006,Hematocolpometra
826,827,C0270844,51887003,Tonic seizure
827,828,C0151726,95378001,Injection site hypersensitivity
828,829,C1319543,408415007,O/E - right eye diabetic maculopathy
829,830,C0041834,86735004,Erythematous condition
830,831,C0266996,90377008,Sialectasia
831,832,C1720342,420900006,Fatigue associated with AIDS
832,833,C0232082,79032000,Paradoxical diaphragmatic movement
833,834,C0458166,279047007,Persistent pain following procedure
834,835,C1274926,403599000,Stinging of skin
835,836,C0221201,271756005,Macular eruption
836,837,C0234371,40290000,Continuous tremor
837,838,C0271276,91570002,Stahli's line
838,839,C0574988,298208004,Elbow joint laxity
839,840,C0232503,78349008,Umbilical bleeding
840,841,C0426576,267045008,Gastrointestinal symptom
